Sample in Buffer,Sample in Window,GTH_eth_10G_to_XG_PON_if_inst/Xg_PON_if_qsfp_gty/gtwiz_userdata_rx_int[31:0],GTH_eth_10G_to_XG_PON_if_inst/Xg_PON_if_qsfp_gty/gtwiz_userclk_rx_active_int,,,
0,0,d6816b6a,1,,,
1,1,d681ab6a,1,,d6816b6a,FALSE
2,2,d681eb6a,1,,d681ab6a,FALSE
3,3,d6802b6a,1,,d681eb6a,FALSE
4,4,d6806b6a,1,,d6802b6a,FALSE
5,5,d680ab6a,1,,d6806b6a,FALSE
6,6,d680eb6a,1,,d680ab6a,FALSE
7,7,d6872b6a,1,,d680eb6a,FALSE
8,8,d6876b6a,1,,d6872b6a,FALSE
9,9,d687ab6a,1,,d6876b6a,FALSE
10,10,d687eb6a,1,,d687ab6a,FALSE
11,11,d6862b6a,1,,d687eb6a,FALSE
12,12,d6866b6a,1,,d6862b6a,FALSE
13,13,d686ab6a,1,,d6866b6a,FALSE
14,14,d686eb6a,1,,d686ab6a,FALSE
15,15,d6852b6a,1,,d686eb6a,FALSE
16,16,d6856b6a,1,,d6852b6a,FALSE
17,17,d685ab6a,1,,d6856b6a,FALSE
18,18,d685eb6a,1,,d685ab6a,FALSE
19,19,d6842b6a,1,,d685eb6a,FALSE
20,20,d6846b6a,1,,d6842b6a,FALSE
21,21,d684ab6a,1,,d6846b6a,FALSE
22,22,d684eb6a,1,,d684ab6a,FALSE
23,23,d69b2b6a,1,,d684eb6a,FALSE
24,24,d69b6b6a,1,,d69b2b6a,FALSE
25,25,d69bab6a,1,,d69b6b6a,FALSE
26,26,d69beb6a,1,,d69bab6a,FALSE
27,27,d69a2b6a,1,,d69beb6a,FALSE
28,28,d69a6b6a,1,,d69a2b6a,FALSE
29,29,d69aab6a,1,,d69a6b6a,FALSE
30,30,d69aeb6a,1,,d69aab6a,FALSE
31,31,d6992b6a,1,,d69aeb6a,FALSE
32,32,d6996b6a,1,,d6992b6a,FALSE
33,33,d699ab6a,1,,d6996b6a,FALSE
34,34,d699eb6a,1,,d699ab6a,FALSE
35,35,d6982b6a,1,,d699eb6a,FALSE
36,36,d6986b6a,1,,d6982b6a,FALSE
37,37,d698ab6a,1,,d6986b6a,FALSE
38,38,d698eb6a,1,,d698ab6a,FALSE
39,39,d69f2b6a,1,,d698eb6a,FALSE
40,40,d69f6b6a,1,,d69f2b6a,FALSE
41,41,d69fab6a,1,,d69f6b6a,FALSE
42,42,d69feb6a,1,,d69fab6a,FALSE
43,43,d69e2b6a,1,,d69feb6a,FALSE
44,44,d69e6b6a,1,,d69e2b6a,FALSE
45,45,d69eab6a,1,,d69e6b6a,FALSE
46,46,d69eeb6a,1,,d69eab6a,FALSE
47,47,d69d2b6a,1,,d69eeb6a,FALSE
48,48,d69d6b6a,1,,d69d2b6a,FALSE
49,49,d69dab6a,1,,d69d6b6a,FALSE
50,50,d69deb6a,1,,d69dab6a,FALSE
51,51,d69c2b6a,1,,d69deb6a,FALSE
52,52,d69c6b6a,1,,d69c2b6a,FALSE
53,53,d69cab6a,1,,d69c6b6a,FALSE
54,54,d69ceb6a,1,,d69cab6a,FALSE
55,55,d6932b6a,1,,d69ceb6a,FALSE
56,56,d6936b6a,1,,d6932b6a,FALSE
57,57,d693ab6a,1,,d6936b6a,FALSE
58,58,d693eb6a,1,,d693ab6a,FALSE
59,59,d6922b6a,1,,d693eb6a,FALSE
60,60,d6926b6a,1,,d6922b6a,FALSE
61,61,d692ab6a,1,,d6926b6a,FALSE
62,62,d692eb6a,1,,d692ab6a,FALSE
63,63,d6912b6a,1,,d692eb6a,FALSE
64,64,d6916b6a,1,,d6912b6a,FALSE
65,65,d691ab6a,1,,d6916b6a,FALSE
66,66,d691eb6a,1,,d691ab6a,FALSE
67,67,d6902b6a,1,,d691eb6a,FALSE
68,68,d6906b6a,1,,d6902b6a,FALSE
69,69,d690ab6a,1,,d6906b6a,FALSE
70,70,d690eb6a,1,,d690ab6a,FALSE
71,71,d6972b6a,1,,d690eb6a,FALSE
72,72,d6976b6a,1,,d6972b6a,FALSE
73,73,d697ab6a,1,,d6976b6a,FALSE
74,74,d697eb6a,1,,d697ab6a,FALSE
75,75,d6962b6a,1,,d697eb6a,FALSE
76,76,d6966b6a,1,,d6962b6a,FALSE
77,77,d696ab6a,1,,d6966b6a,FALSE
78,78,d696eb6a,1,,d696ab6a,FALSE
79,79,d6952b6a,1,,d696eb6a,FALSE
80,80,d6956b6a,1,,d6952b6a,FALSE
81,81,d695ab6a,1,,d6956b6a,FALSE
82,82,d695eb6a,1,,d695ab6a,FALSE
83,83,d6942b6a,1,,d695eb6a,FALSE
84,84,d6946b6a,1,,d6942b6a,FALSE
85,85,d694ab6a,1,,d6946b6a,FALSE
86,86,d694eb6a,1,,d694ab6a,FALSE
87,87,aaaaab6a,1,,d694eb6a,FALSE
88,88,aaaaaaaa,1,,aaaaab6a,FALSE
89,89,aaaaaaaa,1,,aaaaaaaa,TRUE
90,90,aaaaaaaa,1,,aaaaaaaa,TRUE
91,91,aaaaaaaa,1,,aaaaaaaa,TRUE
92,92,aaaaaaaa,1,,aaaaaaaa,TRUE
93,93,aaaaaaaa,1,,aaaaaaaa,TRUE
94,94,aaaaaaaa,1,,aaaaaaaa,TRUE
95,95,aaaaaaaa,1,,aaaaaaaa,TRUE
96,96,aaaaaaaa,1,,aaaaaaaa,TRUE
97,97,aaaaaaaa,1,,aaaaaaaa,TRUE
98,98,aaaaaaaa,1,,aaaaaaaa,TRUE
99,99,aaaaaaaa,1,,aaaaaaaa,TRUE
100,100,aaaaaaaa,1,,aaaaaaaa,TRUE
101,101,aaaaaaaa,1,,aaaaaaaa,TRUE
102,102,aaaaaaaa,1,,aaaaaaaa,TRUE
103,103,8155aaaa,1,,aaaaaaaa,FALSE
104,104,81558155,1,,8155aaaa,FALSE
105,105,81558155,1,,81558155,TRUE
106,106,81558155,1,,81558155,TRUE
107,107,81558155,1,,81558155,TRUE
108,108,81558155,1,,81558155,TRUE
109,109,81558155,1,,81558155,TRUE
110,110,81558155,1,,81558155,TRUE
111,111,81558155,1,,81558155,TRUE
112,112,81558155,1,,81558155,TRUE
113,113,81558155,1,,81558155,TRUE
114,114,81558155,1,,81558155,TRUE
115,115,81558155,1,,81558155,TRUE
116,116,81558155,1,,81558155,TRUE
117,117,81558155,1,,81558155,TRUE
118,118,81558155,1,,81558155,TRUE
119,119,81558155,1,,81558155,TRUE
120,120,81558155,1,,81558155,TRUE
121,121,81558155,1,,81558155,TRUE
122,122,81558155,1,,81558155,TRUE
123,123,81558155,1,,81558155,TRUE
124,124,81558155,1,,81558155,TRUE
125,125,81558155,1,,81558155,TRUE
126,126,81558155,1,,81558155,TRUE
127,127,81558155,1,,81558155,TRUE
128,128,81558155,1,,81558155,TRUE
129,129,81558155,1,,81558155,TRUE
130,130,81558155,1,,81558155,TRUE
131,131,81558155,1,,81558155,TRUE
132,132,43e84155,1,,81558155,FALSE
133,133,d6ab2cb1,1,,43e84155,FALSE
134,134,d6ab6b6a,1,,d6ab2cb1,FALSE
135,135,d6abab6a,1,,d6ab6b6a,FALSE
136,136,d6abeb6a,1,,d6abab6a,FALSE
137,137,d6aa2b6a,1,,d6abeb6a,FALSE
138,138,d6aa6b6a,1,,d6aa2b6a,FALSE
139,139,d6aaab6a,1,,d6aa6b6a,FALSE
140,140,d6aaeb6a,1,,d6aaab6a,FALSE
141,141,d6a92b6a,1,,d6aaeb6a,FALSE
142,142,d6a96b6a,1,,d6a92b6a,FALSE
143,143,d6a9ab6a,1,,d6a96b6a,FALSE
144,144,d6a9eb6a,1,,d6a9ab6a,FALSE
145,145,d6a82b6a,1,,d6a9eb6a,FALSE
146,146,d6a86b6a,1,,d6a82b6a,FALSE
147,147,d6a8ab6a,1,,d6a86b6a,FALSE
148,148,d6a8eb6a,1,,d6a8ab6a,FALSE
149,149,d6af2b6a,1,,d6a8eb6a,FALSE
150,150,d6af6b6a,1,,d6af2b6a,FALSE
151,151,d6afab6a,1,,d6af6b6a,FALSE
152,152,d6afeb6a,1,,d6afab6a,FALSE
153,153,d6ae2b6a,1,,d6afeb6a,FALSE
154,154,d6ae6b6a,1,,d6ae2b6a,FALSE
155,155,d6aeab6a,1,,d6ae6b6a,FALSE
156,156,d6aeeb6a,1,,d6aeab6a,FALSE
157,157,d6ad2b6a,1,,d6aeeb6a,FALSE
158,158,d6ad6b6a,1,,d6ad2b6a,FALSE
159,159,d6adab6a,1,,d6ad6b6a,FALSE
160,160,d6adeb6a,1,,d6adab6a,FALSE
161,161,d6ac2b6a,1,,d6adeb6a,FALSE
162,162,d6ac6b6a,1,,d6ac2b6a,FALSE
163,163,d6acab6a,1,,d6ac6b6a,FALSE
164,164,d6aceb6a,1,,d6acab6a,FALSE
165,165,d6a32b6a,1,,d6aceb6a,FALSE
166,166,d6a36b6a,1,,d6a32b6a,FALSE
167,167,d6a3ab6a,1,,d6a36b6a,FALSE
168,168,d6a3eb6a,1,,d6a3ab6a,FALSE
169,169,d6a22b6a,1,,d6a3eb6a,FALSE
170,170,d6a26b6a,1,,d6a22b6a,FALSE
171,171,d6a2ab6a,1,,d6a26b6a,FALSE
172,172,d6a2eb6a,1,,d6a2ab6a,FALSE
173,173,d6a12b6a,1,,d6a2eb6a,FALSE
174,174,d6a16b6a,1,,d6a12b6a,FALSE
175,175,d6a1ab6a,1,,d6a16b6a,FALSE
176,176,d6a1eb6a,1,,d6a1ab6a,FALSE
177,177,d6a02b6a,1,,d6a1eb6a,FALSE
178,178,d6a06b6a,1,,d6a02b6a,FALSE
179,179,d6a0ab6a,1,,d6a06b6a,FALSE
180,180,d6a0eb6a,1,,d6a0ab6a,FALSE
181,181,d6a72b6a,1,,d6a0eb6a,FALSE
182,182,d6a76b6a,1,,d6a72b6a,FALSE
183,183,d6a7ab6a,1,,d6a76b6a,FALSE
184,184,d6a7eb6a,1,,d6a7ab6a,FALSE
185,185,d6a62b6a,1,,d6a7eb6a,FALSE
186,186,d6a66b6a,1,,d6a62b6a,FALSE
187,187,d6a6ab6a,1,,d6a66b6a,FALSE
188,188,d6a6eb6a,1,,d6a6ab6a,FALSE
189,189,d6a52b6a,1,,d6a6eb6a,FALSE
190,190,d6a56b6a,1,,d6a52b6a,FALSE
191,191,d6a5ab6a,1,,d6a56b6a,FALSE
192,192,d6a5eb6a,1,,d6a5ab6a,FALSE
193,193,d6a42b6a,1,,d6a5eb6a,FALSE
194,194,d6a46b6a,1,,d6a42b6a,FALSE
195,195,d6a4ab6a,1,,d6a46b6a,FALSE
196,196,d6a4eb6a,1,,d6a4ab6a,FALSE
197,197,d6bb2b6a,1,,d6a4eb6a,FALSE
198,198,d6bb6b6a,1,,d6bb2b6a,FALSE
199,199,d6bbab6a,1,,d6bb6b6a,FALSE
200,200,d6bbeb6a,1,,d6bbab6a,FALSE
201,201,d6ba2b6a,1,,d6bbeb6a,FALSE
202,202,d6ba6b6a,1,,d6ba2b6a,FALSE
203,203,d6baab6a,1,,d6ba6b6a,FALSE
204,204,d6baeb6a,1,,d6baab6a,FALSE
205,205,d6b92b6a,1,,d6baeb6a,FALSE
206,206,d6b96b6a,1,,d6b92b6a,FALSE
207,207,d6b9ab6a,1,,d6b96b6a,FALSE
208,208,d6b9eb6a,1,,d6b9ab6a,FALSE
209,209,d6b82b6a,1,,d6b9eb6a,FALSE
210,210,d6b86b6a,1,,d6b82b6a,FALSE
211,211,d6b8ab6a,1,,d6b86b6a,FALSE
212,212,d6b8eb6a,1,,d6b8ab6a,FALSE
213,213,d6bf2b6a,1,,d6b8eb6a,FALSE
214,214,d6bf6b6a,1,,d6bf2b6a,FALSE
215,215,d6bfab6a,1,,d6bf6b6a,FALSE
216,216,d6bfeb6a,1,,d6bfab6a,FALSE
217,217,d6be2b6a,1,,d6bfeb6a,FALSE
218,218,d6be6b6a,1,,d6be2b6a,FALSE
219,219,d6beab6a,1,,d6be6b6a,FALSE
220,220,d6beeb6a,1,,d6beab6a,FALSE
221,221,d6bd2b6a,1,,d6beeb6a,FALSE
222,222,d6bd6b6a,1,,d6bd2b6a,FALSE
223,223,d6bdab6a,1,,d6bd6b6a,FALSE
224,224,d6bdeb6a,1,,d6bdab6a,FALSE
225,225,d6bc2b6a,1,,d6bdeb6a,FALSE
226,226,d6bc6b6a,1,,d6bc2b6a,FALSE
227,227,d6bcab6a,1,,d6bc6b6a,FALSE
228,228,d6bceb6a,1,,d6bcab6a,FALSE
229,229,d6b32b6a,1,,d6bceb6a,FALSE
230,230,d6b36b6a,1,,d6b32b6a,FALSE
231,231,d6b3ab6a,1,,d6b36b6a,FALSE
232,232,d6b3eb6a,1,,d6b3ab6a,FALSE
233,233,d6b22b6a,1,,d6b3eb6a,FALSE
234,234,d6b26b6a,1,,d6b22b6a,FALSE
235,235,d6b2ab6a,1,,d6b26b6a,FALSE
236,236,d6b2eb6a,1,,d6b2ab6a,FALSE
237,237,d6b12b6a,1,,d6b2eb6a,FALSE
238,238,d6b16b6a,1,,d6b12b6a,FALSE
239,239,d6b1ab6a,1,,d6b16b6a,FALSE
240,240,d6b1eb6a,1,,d6b1ab6a,FALSE
241,241,d6b02b6a,1,,d6b1eb6a,FALSE
242,242,d6b06b6a,1,,d6b02b6a,FALSE
243,243,d6b0ab6a,1,,d6b06b6a,FALSE
244,244,d6b0eb6a,1,,d6b0ab6a,FALSE
245,245,d6b72b6a,1,,d6b0eb6a,FALSE
246,246,d6b76b6a,1,,d6b72b6a,FALSE
247,247,d6b7ab6a,1,,d6b76b6a,FALSE
248,248,d6b7eb6a,1,,d6b7ab6a,FALSE
249,249,d6b62b6a,1,,d6b7eb6a,FALSE
250,250,d6b66b6a,1,,d6b62b6a,FALSE
251,251,d6b6ab6a,1,,d6b66b6a,FALSE
252,252,d6b6eb6a,1,,d6b6ab6a,FALSE
253,253,d6b52b6a,1,,d6b6eb6a,FALSE
254,254,d6b56b6a,1,,d6b52b6a,FALSE
255,255,d6b5ab6a,1,,d6b56b6a,FALSE
256,256,d6b5eb6a,1,,d6b5ab6a,FALSE
257,257,d6b42b6a,1,,d6b5eb6a,FALSE
258,258,d6b46b6a,1,,d6b42b6a,FALSE
259,259,d6b4ab6a,1,,d6b46b6a,FALSE
260,260,d6b4eb6a,1,,d6b4ab6a,FALSE
261,261,d68b2b6a,1,,d6b4eb6a,FALSE
262,262,d68b6b6a,1,,d68b2b6a,FALSE
263,263,d68bab6a,1,,d68b6b6a,FALSE
264,264,d68beb6a,1,,d68bab6a,FALSE
265,265,d68a2b6a,1,,d68beb6a,FALSE
266,266,d68a6b6a,1,,d68a2b6a,FALSE
267,267,d68aab6a,1,,d68a6b6a,FALSE
268,268,d68aeb6a,1,,d68aab6a,FALSE
269,269,d6892b6a,1,,d68aeb6a,FALSE
270,270,d6896b6a,1,,d6892b6a,FALSE
271,271,d689ab6a,1,,d6896b6a,FALSE
272,272,d689eb6a,1,,d689ab6a,FALSE
273,273,d6882b6a,1,,d689eb6a,FALSE
274,274,d6886b6a,1,,d6882b6a,FALSE
275,275,d688ab6a,1,,d6886b6a,FALSE
276,276,d688eb6a,1,,d688ab6a,FALSE
277,277,d68f2b6a,1,,d688eb6a,FALSE
278,278,d68f6b6a,1,,d68f2b6a,FALSE
279,279,d68fab6a,1,,d68f6b6a,FALSE
280,280,d68feb6a,1,,d68fab6a,FALSE
281,281,d68e2b6a,1,,d68feb6a,FALSE
282,282,d68e6b6a,1,,d68e2b6a,FALSE
283,283,d68eab6a,1,,d68e6b6a,FALSE
284,284,d68eeb6a,1,,d68eab6a,FALSE
285,285,d68d2b6a,1,,d68eeb6a,FALSE
286,286,d68d6b6a,1,,d68d2b6a,FALSE
287,287,d68dab6a,1,,d68d6b6a,FALSE
288,288,d68deb6a,1,,d68dab6a,FALSE
289,289,d68c2b6a,1,,d68deb6a,FALSE
290,290,d68c6b6a,1,,d68c2b6a,FALSE
291,291,d68cab6a,1,,d68c6b6a,FALSE
292,292,d68ceb6a,1,,d68cab6a,FALSE
293,293,d6832b6a,1,,d68ceb6a,FALSE
294,294,d6836b6a,1,,d6832b6a,FALSE
295,295,d683ab6a,1,,d6836b6a,FALSE
296,296,d683eb6a,1,,d683ab6a,FALSE
297,297,d6822b6a,1,,d683eb6a,FALSE
298,298,d6826b6a,1,,d6822b6a,FALSE
299,299,d682ab6a,1,,d6826b6a,FALSE
300,300,d682eb6a,1,,d682ab6a,FALSE
301,301,d6812b6a,1,,d682eb6a,FALSE
302,302,d6816b6a,1,,d6812b6a,FALSE
303,303,d681ab6a,1,,d6816b6a,FALSE
304,304,d681eb6a,1,,d681ab6a,FALSE
305,305,d6802b6a,1,,d681eb6a,FALSE
306,306,d6806b6a,1,,d6802b6a,FALSE
307,307,d680ab6a,1,,d6806b6a,FALSE
308,308,d680eb6a,1,,d680ab6a,FALSE
309,309,d6872b6a,1,,d680eb6a,FALSE
310,310,d6876b6a,1,,d6872b6a,FALSE
311,311,d687ab6a,1,,d6876b6a,FALSE
312,312,d687eb6a,1,,d687ab6a,FALSE
313,313,d6862b6a,1,,d687eb6a,FALSE
314,314,d6866b6a,1,,d6862b6a,FALSE
315,315,d686ab6a,1,,d6866b6a,FALSE
316,316,d686eb6a,1,,d686ab6a,FALSE
317,317,d6852b6a,1,,d686eb6a,FALSE
318,318,d6856b6a,1,,d6852b6a,FALSE
319,319,d685ab6a,1,,d6856b6a,FALSE
320,320,d685eb6a,1,,d685ab6a,FALSE
321,321,d6842b6a,1,,d685eb6a,FALSE
322,322,d6846b6a,1,,d6842b6a,FALSE
323,323,d684ab6a,1,,d6846b6a,FALSE
324,324,d684eb6a,1,,d684ab6a,FALSE
325,325,d69b2b6a,1,,d684eb6a,FALSE
326,326,d69b6b6a,1,,d69b2b6a,FALSE
327,327,d69bab6a,1,,d69b6b6a,FALSE
328,328,d69beb6a,1,,d69bab6a,FALSE
329,329,d69a2b6a,1,,d69beb6a,FALSE
330,330,d69a6b6a,1,,d69a2b6a,FALSE
331,331,d69aab6a,1,,d69a6b6a,FALSE
332,332,d69aeb6a,1,,d69aab6a,FALSE
333,333,d6992b6a,1,,d69aeb6a,FALSE
334,334,d6996b6a,1,,d6992b6a,FALSE
335,335,d699ab6a,1,,d6996b6a,FALSE
336,336,d699eb6a,1,,d699ab6a,FALSE
337,337,d6982b6a,1,,d699eb6a,FALSE
338,338,d6986b6a,1,,d6982b6a,FALSE
339,339,d698ab6a,1,,d6986b6a,FALSE
340,340,d698eb6a,1,,d698ab6a,FALSE
341,341,d69f2b6a,1,,d698eb6a,FALSE
342,342,d69f6b6a,1,,d69f2b6a,FALSE
343,343,d69fab6a,1,,d69f6b6a,FALSE
344,344,d69feb6a,1,,d69fab6a,FALSE
345,345,d69e2b6a,1,,d69feb6a,FALSE
346,346,d69e6b6a,1,,d69e2b6a,FALSE
347,347,d69eab6a,1,,d69e6b6a,FALSE
348,348,d69eeb6a,1,,d69eab6a,FALSE
349,349,d69d2b6a,1,,d69eeb6a,FALSE
350,350,d69d6b6a,1,,d69d2b6a,FALSE
351,351,d69dab6a,1,,d69d6b6a,FALSE
352,352,d69deb6a,1,,d69dab6a,FALSE
353,353,d69c2b6a,1,,d69deb6a,FALSE
354,354,d69c6b6a,1,,d69c2b6a,FALSE
355,355,d69cab6a,1,,d69c6b6a,FALSE
356,356,d69ceb6a,1,,d69cab6a,FALSE
357,357,d6932b6a,1,,d69ceb6a,FALSE
358,358,d6936b6a,1,,d6932b6a,FALSE
359,359,d693ab6a,1,,d6936b6a,FALSE
360,360,d693eb6a,1,,d693ab6a,FALSE
361,361,d6922b6a,1,,d693eb6a,FALSE
362,362,d6926b6a,1,,d6922b6a,FALSE
363,363,d692ab6a,1,,d6926b6a,FALSE
364,364,d692eb6a,1,,d692ab6a,FALSE
365,365,d6912b6a,1,,d692eb6a,FALSE
366,366,d6916b6a,1,,d6912b6a,FALSE
367,367,d691ab6a,1,,d6916b6a,FALSE
368,368,d691eb6a,1,,d691ab6a,FALSE
369,369,d6902b6a,1,,d691eb6a,FALSE
370,370,d6906b6a,1,,d6902b6a,FALSE
371,371,d690ab6a,1,,d6906b6a,FALSE
372,372,d690eb6a,1,,d690ab6a,FALSE
373,373,d6972b6a,1,,d690eb6a,FALSE
374,374,d6976b6a,1,,d6972b6a,FALSE
375,375,d697ab6a,1,,d6976b6a,FALSE
376,376,d697eb6a,1,,d697ab6a,FALSE
377,377,d6962b6a,1,,d697eb6a,FALSE
378,378,d6966b6a,1,,d6962b6a,FALSE
379,379,d696ab6a,1,,d6966b6a,FALSE
380,380,d696eb6a,1,,d696ab6a,FALSE
381,381,d6952b6a,1,,d696eb6a,FALSE
382,382,d6956b6a,1,,d6952b6a,FALSE
383,383,d695ab6a,1,,d6956b6a,FALSE
384,384,d695eb6a,1,,d695ab6a,FALSE
385,385,d6942b6a,1,,d695eb6a,FALSE
386,386,d6946b6a,1,,d6942b6a,FALSE
387,387,d694ab6a,1,,d6946b6a,FALSE
388,388,d694eb6a,1,,d694ab6a,FALSE
389,389,aaaaab6a,1,,d694eb6a,FALSE
390,390,aaaaaaaa,1,,aaaaab6a,FALSE
391,391,aaaaaaaa,1,,aaaaaaaa,TRUE
392,392,aaaaaaaa,1,,aaaaaaaa,TRUE
393,393,aaaaaaaa,1,,aaaaaaaa,TRUE
394,394,aaaaaaaa,1,,aaaaaaaa,TRUE
395,395,aaaaaaaa,1,,aaaaaaaa,TRUE
396,396,aaaaaaaa,1,,aaaaaaaa,TRUE
397,397,aaaaaaaa,1,,aaaaaaaa,TRUE
398,398,aaaaaaaa,1,,aaaaaaaa,TRUE
399,399,aaaaaaaa,1,,aaaaaaaa,TRUE
400,400,aaaaaaaa,1,,aaaaaaaa,TRUE
401,401,aaaaaaaa,1,,aaaaaaaa,TRUE
402,402,aaaaaaaa,1,,aaaaaaaa,TRUE
403,403,aaaaaaaa,1,,aaaaaaaa,TRUE
404,404,8155aaaa,1,,aaaaaaaa,FALSE
405,405,81558155,1,,8155aaaa,FALSE
406,406,81558155,1,,81558155,TRUE
407,407,81558155,1,,81558155,TRUE
408,408,81558155,1,,81558155,TRUE
409,409,81558155,1,,81558155,TRUE
410,410,81558155,1,,81558155,TRUE
411,411,81558155,1,,81558155,TRUE
412,412,81558155,1,,81558155,TRUE
413,413,81558155,1,,81558155,TRUE
414,414,81558155,1,,81558155,TRUE
415,415,81558155,1,,81558155,TRUE
416,416,81558155,1,,81558155,TRUE
417,417,81558155,1,,81558155,TRUE
418,418,81558155,1,,81558155,TRUE
419,419,81558155,1,,81558155,TRUE
420,420,81558155,1,,81558155,TRUE
421,421,81558155,1,,81558155,TRUE
422,422,81558155,1,,81558155,TRUE
423,423,81558155,1,,81558155,TRUE
424,424,81558155,1,,81558155,TRUE
425,425,81558155,1,,81558155,TRUE
426,426,81558155,1,,81558155,TRUE
427,427,81558155,1,,81558155,TRUE
428,428,81558155,1,,81558155,TRUE
429,429,81558155,1,,81558155,TRUE
430,430,81558155,1,,81558155,TRUE
431,431,81558155,1,,81558155,TRUE
432,432,81558155,1,,81558155,TRUE
433,433,43e84155,1,,81558155,FALSE
434,434,d6ab2cb1,1,,43e84155,FALSE
435,435,d6ab6b6a,1,,d6ab2cb1,FALSE
436,436,d6abab6a,1,,d6ab6b6a,FALSE
437,437,d6abeb6a,1,,d6abab6a,FALSE
438,438,d6aa2b6a,1,,d6abeb6a,FALSE
439,439,d6aa2b6a,1,,d6aa2b6a,TRUE
440,440,d6aa2b6a,1,,d6aa2b6a,TRUE
441,441,d6aaab6a,1,,d6aa2b6a,FALSE
442,442,d6aaeb6a,1,,d6aaab6a,FALSE
443,443,d6a92b6a,1,,d6aaeb6a,FALSE
444,444,d6a96b6a,1,,d6a92b6a,FALSE
445,445,d6a9ab6a,1,,d6a96b6a,FALSE
446,446,d6a9eb6a,1,,d6a9ab6a,FALSE
447,447,d6a82b6a,1,,d6a9eb6a,FALSE
448,448,d6a86b6a,1,,d6a82b6a,FALSE
449,449,d6a8ab6a,1,,d6a86b6a,FALSE
450,450,d6a8eb6a,1,,d6a8ab6a,FALSE
451,451,d6af2b6a,1,,d6a8eb6a,FALSE
452,452,d6af6b6a,1,,d6af2b6a,FALSE
453,453,d6afab6a,1,,d6af6b6a,FALSE
454,454,d6afeb6a,1,,d6afab6a,FALSE
455,455,d6ae2b6a,1,,d6afeb6a,FALSE
456,456,d6ae6b6a,1,,d6ae2b6a,FALSE
457,457,d6aeab6a,1,,d6ae6b6a,FALSE
458,458,d6aeeb6a,1,,d6aeab6a,FALSE
459,459,d6ad2b6a,1,,d6aeeb6a,FALSE
460,460,d6ad6b6a,1,,d6ad2b6a,FALSE
461,461,d6adab6a,1,,d6ad6b6a,FALSE
462,462,d6adeb6a,1,,d6adab6a,FALSE
463,463,d6ac2b6a,1,,d6adeb6a,FALSE
464,464,d6ac6b6a,1,,d6ac2b6a,FALSE
465,465,d6acab6a,1,,d6ac6b6a,FALSE
466,466,d6aceb6a,1,,d6acab6a,FALSE
467,467,d6a32b6a,1,,d6aceb6a,FALSE
468,468,d6a36b6a,1,,d6a32b6a,FALSE
469,469,d6a3ab6a,1,,d6a36b6a,FALSE
470,470,d6a3eb6a,1,,d6a3ab6a,FALSE
471,471,d6a22b6a,1,,d6a3eb6a,FALSE
472,472,d6a26b6a,1,,d6a22b6a,FALSE
473,473,d6a2ab6a,1,,d6a26b6a,FALSE
474,474,d6a2eb6a,1,,d6a2ab6a,FALSE
475,475,d6a12b6a,1,,d6a2eb6a,FALSE
476,476,d6a16b6a,1,,d6a12b6a,FALSE
477,477,d6a1ab6a,1,,d6a16b6a,FALSE
478,478,d6a1eb6a,1,,d6a1ab6a,FALSE
479,479,d6a02b6a,1,,d6a1eb6a,FALSE
480,480,d6a06b6a,1,,d6a02b6a,FALSE
481,481,d6a0ab6a,1,,d6a06b6a,FALSE
482,482,d6a0eb6a,1,,d6a0ab6a,FALSE
483,483,d6a72b6a,1,,d6a0eb6a,FALSE
484,484,d6a76b6a,1,,d6a72b6a,FALSE
485,485,d6a7ab6a,1,,d6a76b6a,FALSE
486,486,d6a7eb6a,1,,d6a7ab6a,FALSE
487,487,d6a62b6a,1,,d6a7eb6a,FALSE
488,488,d6a66b6a,1,,d6a62b6a,FALSE
489,489,d6a6ab6a,1,,d6a66b6a,FALSE
490,490,d6a6eb6a,1,,d6a6ab6a,FALSE
491,491,d6a52b6a,1,,d6a6eb6a,FALSE
492,492,d6a56b6a,1,,d6a52b6a,FALSE
493,493,d6a5ab6a,1,,d6a56b6a,FALSE
494,494,d6a5eb6a,1,,d6a5ab6a,FALSE
495,495,d6a42b6a,1,,d6a5eb6a,FALSE
496,496,d6a46b6a,1,,d6a42b6a,FALSE
497,497,d6a4ab6a,1,,d6a46b6a,FALSE
498,498,d6a4eb6a,1,,d6a4ab6a,FALSE
499,499,d6bb2b6a,1,,d6a4eb6a,FALSE
500,500,d6bb6b6a,1,,d6bb2b6a,FALSE
501,501,d6bbab6a,1,,d6bb6b6a,FALSE
502,502,d6bbeb6a,1,,d6bbab6a,FALSE
503,503,d6ba2b6a,1,,d6bbeb6a,FALSE
504,504,d6ba6b6a,1,,d6ba2b6a,FALSE
505,505,d6baab6a,1,,d6ba6b6a,FALSE
506,506,d6baeb6a,1,,d6baab6a,FALSE
507,507,d6b92b6a,1,,d6baeb6a,FALSE
508,508,d6b96b6a,1,,d6b92b6a,FALSE
509,509,d6b9ab6a,1,,d6b96b6a,FALSE
510,510,d6b9eb6a,1,,d6b9ab6a,FALSE
511,511,d6b82b6a,1,,d6b9eb6a,FALSE
512,512,d6b86b6a,1,,d6b82b6a,FALSE
513,513,d6b8ab6a,1,,d6b86b6a,FALSE
514,514,d6b8eb6a,1,,d6b8ab6a,FALSE
515,515,d6bf2b6a,1,,d6b8eb6a,FALSE
516,516,d6bf6b6a,1,,d6bf2b6a,FALSE
517,517,d6bfab6a,1,,d6bf6b6a,FALSE
518,518,d6bfeb6a,1,,d6bfab6a,FALSE
519,519,d6be2b6a,1,,d6bfeb6a,FALSE
520,520,d6be6b6a,1,,d6be2b6a,FALSE
521,521,d6beab6a,1,,d6be6b6a,FALSE
522,522,d6beeb6a,1,,d6beab6a,FALSE
523,523,d6bd2b6a,1,,d6beeb6a,FALSE
524,524,d6bd6b6a,1,,d6bd2b6a,FALSE
525,525,d6bdab6a,1,,d6bd6b6a,FALSE
526,526,d6bdeb6a,1,,d6bdab6a,FALSE
527,527,d6bc2b6a,1,,d6bdeb6a,FALSE
528,528,d6bc6b6a,1,,d6bc2b6a,FALSE
529,529,d6bcab6a,1,,d6bc6b6a,FALSE
530,530,d6bceb6a,1,,d6bcab6a,FALSE
531,531,d6b32b6a,1,,d6bceb6a,FALSE
532,532,d6b36b6a,1,,d6b32b6a,FALSE
533,533,d6b3ab6a,1,,d6b36b6a,FALSE
534,534,d6b3eb6a,1,,d6b3ab6a,FALSE
535,535,d6b22b6a,1,,d6b3eb6a,FALSE
536,536,d6b26b6a,1,,d6b22b6a,FALSE
537,537,d6b2ab6a,1,,d6b26b6a,FALSE
538,538,d6b2eb6a,1,,d6b2ab6a,FALSE
539,539,d6b12b6a,1,,d6b2eb6a,FALSE
540,540,d6b16b6a,1,,d6b12b6a,FALSE
541,541,d6b1ab6a,1,,d6b16b6a,FALSE
542,542,d6b1eb6a,1,,d6b1ab6a,FALSE
543,543,d6b02b6a,1,,d6b1eb6a,FALSE
544,544,d6b06b6a,1,,d6b02b6a,FALSE
545,545,d6b0ab6a,1,,d6b06b6a,FALSE
546,546,d6b0eb6a,1,,d6b0ab6a,FALSE
547,547,d6b72b6a,1,,d6b0eb6a,FALSE
548,548,d6b76b6a,1,,d6b72b6a,FALSE
549,549,d6b7ab6a,1,,d6b76b6a,FALSE
550,550,d6b7eb6a,1,,d6b7ab6a,FALSE
551,551,d6b62b6a,1,,d6b7eb6a,FALSE
552,552,d6b66b6a,1,,d6b62b6a,FALSE
553,553,d6b6ab6a,1,,d6b66b6a,FALSE
554,554,d6b6eb6a,1,,d6b6ab6a,FALSE
555,555,d6b52b6a,1,,d6b6eb6a,FALSE
556,556,d6b56b6a,1,,d6b52b6a,FALSE
557,557,d6b5ab6a,1,,d6b56b6a,FALSE
558,558,d6b5eb6a,1,,d6b5ab6a,FALSE
559,559,d6b42b6a,1,,d6b5eb6a,FALSE
560,560,d6b46b6a,1,,d6b42b6a,FALSE
561,561,d6b4ab6a,1,,d6b46b6a,FALSE
562,562,d6b4eb6a,1,,d6b4ab6a,FALSE
563,563,d68b2b6a,1,,d6b4eb6a,FALSE
564,564,d68b6b6a,1,,d68b2b6a,FALSE
565,565,d68bab6a,1,,d68b6b6a,FALSE
566,566,d68beb6a,1,,d68bab6a,FALSE
567,567,d68a2b6a,1,,d68beb6a,FALSE
568,568,d68a6b6a,1,,d68a2b6a,FALSE
569,569,d68aab6a,1,,d68a6b6a,FALSE
570,570,d68aeb6a,1,,d68aab6a,FALSE
571,571,d6892b6a,1,,d68aeb6a,FALSE
572,572,d6896b6a,1,,d6892b6a,FALSE
573,573,d689ab6a,1,,d6896b6a,FALSE
574,574,d689eb6a,1,,d689ab6a,FALSE
575,575,d6882b6a,1,,d689eb6a,FALSE
576,576,d6886b6a,1,,d6882b6a,FALSE
577,577,d688ab6a,1,,d6886b6a,FALSE
578,578,d688eb6a,1,,d688ab6a,FALSE
579,579,d68f2b6a,1,,d688eb6a,FALSE
580,580,d68f6b6a,1,,d68f2b6a,FALSE
581,581,d68fab6a,1,,d68f6b6a,FALSE
582,582,d68feb6a,1,,d68fab6a,FALSE
583,583,d68e2b6a,1,,d68feb6a,FALSE
584,584,d68e6b6a,1,,d68e2b6a,FALSE
585,585,d68eab6a,1,,d68e6b6a,FALSE
586,586,d68eeb6a,1,,d68eab6a,FALSE
587,587,d68d2b6a,1,,d68eeb6a,FALSE
588,588,d68d6b6a,1,,d68d2b6a,FALSE
589,589,d68dab6a,1,,d68d6b6a,FALSE
590,590,d68deb6a,1,,d68dab6a,FALSE
591,591,d68c2b6a,1,,d68deb6a,FALSE
592,592,d68c6b6a,1,,d68c2b6a,FALSE
593,593,d68cab6a,1,,d68c6b6a,FALSE
594,594,d68ceb6a,1,,d68cab6a,FALSE
595,595,d6832b6a,1,,d68ceb6a,FALSE
596,596,d6836b6a,1,,d6832b6a,FALSE
597,597,d683ab6a,1,,d6836b6a,FALSE
598,598,d683eb6a,1,,d683ab6a,FALSE
599,599,d6822b6a,1,,d683eb6a,FALSE
600,600,d6826b6a,1,,d6822b6a,FALSE
601,601,d682ab6a,1,,d6826b6a,FALSE
602,602,d682eb6a,1,,d682ab6a,FALSE
603,603,d6812b6a,1,,d682eb6a,FALSE
604,604,d6816b6a,1,,d6812b6a,FALSE
605,605,d681ab6a,1,,d6816b6a,FALSE
606,606,d681eb6a,1,,d681ab6a,FALSE
607,607,d6802b6a,1,,d681eb6a,FALSE
608,608,d6806b6a,1,,d6802b6a,FALSE
609,609,d680ab6a,1,,d6806b6a,FALSE
610,610,d680eb6a,1,,d680ab6a,FALSE
611,611,d6872b6a,1,,d680eb6a,FALSE
612,612,d6876b6a,1,,d6872b6a,FALSE
613,613,d687ab6a,1,,d6876b6a,FALSE
614,614,d687eb6a,1,,d687ab6a,FALSE
615,615,d6862b6a,1,,d687eb6a,FALSE
616,616,d6866b6a,1,,d6862b6a,FALSE
617,617,d686ab6a,1,,d6866b6a,FALSE
618,618,d686eb6a,1,,d686ab6a,FALSE
619,619,d6852b6a,1,,d686eb6a,FALSE
620,620,d6856b6a,1,,d6852b6a,FALSE
621,621,d685ab6a,1,,d6856b6a,FALSE
622,622,d685eb6a,1,,d685ab6a,FALSE
623,623,d6842b6a,1,,d685eb6a,FALSE
624,624,d6846b6a,1,,d6842b6a,FALSE
625,625,d684ab6a,1,,d6846b6a,FALSE
626,626,d684eb6a,1,,d684ab6a,FALSE
627,627,d69b2b6a,1,,d684eb6a,FALSE
628,628,d69b6b6a,1,,d69b2b6a,FALSE
629,629,d69bab6a,1,,d69b6b6a,FALSE
630,630,d69beb6a,1,,d69bab6a,FALSE
631,631,d69a2b6a,1,,d69beb6a,FALSE
632,632,d69a6b6a,1,,d69a2b6a,FALSE
633,633,d69aab6a,1,,d69a6b6a,FALSE
634,634,d69aeb6a,1,,d69aab6a,FALSE
635,635,d6992b6a,1,,d69aeb6a,FALSE
636,636,d6996b6a,1,,d6992b6a,FALSE
637,637,d699ab6a,1,,d6996b6a,FALSE
638,638,d699eb6a,1,,d699ab6a,FALSE
639,639,d6982b6a,1,,d699eb6a,FALSE
640,640,d6986b6a,1,,d6982b6a,FALSE
641,641,d698ab6a,1,,d6986b6a,FALSE
642,642,d698eb6a,1,,d698ab6a,FALSE
643,643,d69f2b6a,1,,d698eb6a,FALSE
644,644,d69f6b6a,1,,d69f2b6a,FALSE
645,645,d69fab6a,1,,d69f6b6a,FALSE
646,646,d69feb6a,1,,d69fab6a,FALSE
647,647,d69e2b6a,1,,d69feb6a,FALSE
648,648,d69e6b6a,1,,d69e2b6a,FALSE
649,649,d69eab6a,1,,d69e6b6a,FALSE
650,650,d69eeb6a,1,,d69eab6a,FALSE
651,651,d69d2b6a,1,,d69eeb6a,FALSE
652,652,d69d6b6a,1,,d69d2b6a,FALSE
653,653,d69dab6a,1,,d69d6b6a,FALSE
654,654,d69deb6a,1,,d69dab6a,FALSE
655,655,d69c2b6a,1,,d69deb6a,FALSE
656,656,d69c6b6a,1,,d69c2b6a,FALSE
657,657,d69cab6a,1,,d69c6b6a,FALSE
658,658,d69ceb6a,1,,d69cab6a,FALSE
659,659,d6932b6a,1,,d69ceb6a,FALSE
660,660,d6936b6a,1,,d6932b6a,FALSE
661,661,d693ab6a,1,,d6936b6a,FALSE
662,662,d693eb6a,1,,d693ab6a,FALSE
663,663,d6922b6a,1,,d693eb6a,FALSE
664,664,d6926b6a,1,,d6922b6a,FALSE
665,665,d692ab6a,1,,d6926b6a,FALSE
666,666,d692eb6a,1,,d692ab6a,FALSE
667,667,d6912b6a,1,,d692eb6a,FALSE
668,668,d6916b6a,1,,d6912b6a,FALSE
669,669,d691ab6a,1,,d6916b6a,FALSE
670,670,d691eb6a,1,,d691ab6a,FALSE
671,671,d6902b6a,1,,d691eb6a,FALSE
672,672,d6906b6a,1,,d6902b6a,FALSE
673,673,d690ab6a,1,,d6906b6a,FALSE
674,674,d690eb6a,1,,d690ab6a,FALSE
675,675,d6972b6a,1,,d690eb6a,FALSE
676,676,d6976b6a,1,,d6972b6a,FALSE
677,677,d697ab6a,1,,d6976b6a,FALSE
678,678,d697eb6a,1,,d697ab6a,FALSE
679,679,d6962b6a,1,,d697eb6a,FALSE
680,680,d6966b6a,1,,d6962b6a,FALSE
681,681,d696ab6a,1,,d6966b6a,FALSE
682,682,d696eb6a,1,,d696ab6a,FALSE
683,683,d6952b6a,1,,d696eb6a,FALSE
684,684,d6956b6a,1,,d6952b6a,FALSE
685,685,d695ab6a,1,,d6956b6a,FALSE
686,686,d695eb6a,1,,d695ab6a,FALSE
687,687,d6942b6a,1,,d695eb6a,FALSE
688,688,d6946b6a,1,,d6942b6a,FALSE
689,689,d694ab6a,1,,d6946b6a,FALSE
690,690,d694eb6a,1,,d694ab6a,FALSE
691,691,aaaaab6a,1,,d694eb6a,FALSE
692,692,aaaaaaaa,1,,aaaaab6a,FALSE
693,693,aaaaaaaa,1,,aaaaaaaa,TRUE
694,694,aaaaaaaa,1,,aaaaaaaa,TRUE
695,695,aaaaaaaa,1,,aaaaaaaa,TRUE
696,696,aaaaaaaa,1,,aaaaaaaa,TRUE
697,697,aaaaaaaa,1,,aaaaaaaa,TRUE
698,698,aaaaaaaa,1,,aaaaaaaa,TRUE
699,699,aaaaaaaa,1,,aaaaaaaa,TRUE
700,700,aaaaaaaa,1,,aaaaaaaa,TRUE
701,701,aaaaaaaa,1,,aaaaaaaa,TRUE
702,702,aaaaaaaa,1,,aaaaaaaa,TRUE
703,703,aaaaaaaa,1,,aaaaaaaa,TRUE
704,704,aaaaaaaa,1,,aaaaaaaa,TRUE
705,705,aaaaaaaa,1,,aaaaaaaa,TRUE
706,706,8155aaaa,1,,aaaaaaaa,FALSE
707,707,81558155,1,,8155aaaa,FALSE
708,708,81558155,1,,81558155,TRUE
709,709,81558155,1,,81558155,TRUE
710,710,81558155,1,,81558155,TRUE
711,711,81558155,1,,81558155,TRUE
712,712,81558155,1,,81558155,TRUE
713,713,81558155,1,,81558155,TRUE
714,714,81558155,1,,81558155,TRUE
715,715,81558155,1,,81558155,TRUE
716,716,81558155,1,,81558155,TRUE
717,717,81558155,1,,81558155,TRUE
718,718,81558155,1,,81558155,TRUE
719,719,81558155,1,,81558155,TRUE
720,720,81558155,1,,81558155,TRUE
721,721,81558155,1,,81558155,TRUE
722,722,81558155,1,,81558155,TRUE
723,723,81558155,1,,81558155,TRUE
724,724,81558155,1,,81558155,TRUE
725,725,81558155,1,,81558155,TRUE
726,726,81558155,1,,81558155,TRUE
727,727,81558155,1,,81558155,TRUE
728,728,81558155,1,,81558155,TRUE
729,729,81558155,1,,81558155,TRUE
730,730,81558155,1,,81558155,TRUE
731,731,81558155,1,,81558155,TRUE
732,732,81558155,1,,81558155,TRUE
733,733,81558155,1,,81558155,TRUE
734,734,81558155,1,,81558155,TRUE
735,735,43e84155,1,,81558155,FALSE
736,736,d6ab2cb1,1,,43e84155,FALSE
737,737,d6ab6b6a,1,,d6ab2cb1,FALSE
738,738,d6abab6a,1,,d6ab6b6a,FALSE
739,739,d6abeb6a,1,,d6abab6a,FALSE
740,740,d6aa2b6a,1,,d6abeb6a,FALSE
741,741,d6aa6b6a,1,,d6aa2b6a,FALSE
742,742,d6aaab6a,1,,d6aa6b6a,FALSE
743,743,d6aaeb6a,1,,d6aaab6a,FALSE
744,744,d6a92b6a,1,,d6aaeb6a,FALSE
745,745,d6a96b6a,1,,d6a92b6a,FALSE
746,746,d6a9ab6a,1,,d6a96b6a,FALSE
747,747,d6a9eb6a,1,,d6a9ab6a,FALSE
748,748,d6a82b6a,1,,d6a9eb6a,FALSE
749,749,d6a86b6a,1,,d6a82b6a,FALSE
750,750,d6a8ab6a,1,,d6a86b6a,FALSE
751,751,d6a8eb6a,1,,d6a8ab6a,FALSE
752,752,d6af2b6a,1,,d6a8eb6a,FALSE
753,753,d6af6b6a,1,,d6af2b6a,FALSE
754,754,d6afab6a,1,,d6af6b6a,FALSE
755,755,d6afeb6a,1,,d6afab6a,FALSE
756,756,d6ae2b6a,1,,d6afeb6a,FALSE
757,757,d6ae6b6a,1,,d6ae2b6a,FALSE
758,758,d6aeab6a,1,,d6ae6b6a,FALSE
759,759,d6aeeb6a,1,,d6aeab6a,FALSE
760,760,d6ad2b6a,1,,d6aeeb6a,FALSE
761,761,d6ad6b6a,1,,d6ad2b6a,FALSE
762,762,d6adab6a,1,,d6ad6b6a,FALSE
763,763,d6adeb6a,1,,d6adab6a,FALSE
764,764,d6ac2b6a,1,,d6adeb6a,FALSE
765,765,d6ac6b6a,1,,d6ac2b6a,FALSE
766,766,d6acab6a,1,,d6ac6b6a,FALSE
767,767,d6aceb6a,1,,d6acab6a,FALSE
768,768,d6a82b6a,1,,d6aceb6a,FALSE
769,769,d6a32b6a,1,,d6a82b6a,FALSE
770,770,d6a36b6a,1,,d6a32b6a,FALSE
771,771,d6a3ab6a,1,,d6a36b6a,FALSE
772,772,d6a3eb6a,1,,d6a3ab6a,FALSE
773,773,d6a22b6a,1,,d6a3eb6a,FALSE
774,774,d6a26b6a,1,,d6a22b6a,FALSE
775,775,d6a2ab6a,1,,d6a26b6a,FALSE
776,776,d6a2eb6a,1,,d6a2ab6a,FALSE
777,777,d6a12b6a,1,,d6a2eb6a,FALSE
778,778,d6a16b6a,1,,d6a12b6a,FALSE
779,779,d6a1ab6a,1,,d6a16b6a,FALSE
780,780,d6a1eb6a,1,,d6a1ab6a,FALSE
781,781,d6a02b6a,1,,d6a1eb6a,FALSE
782,782,d6a06b6a,1,,d6a02b6a,FALSE
783,783,d6a0ab6a,1,,d6a06b6a,FALSE
784,784,d6a0eb6a,1,,d6a0ab6a,FALSE
785,785,d6a72b6a,1,,d6a0eb6a,FALSE
786,786,d6a76b6a,1,,d6a72b6a,FALSE
787,787,d6a7ab6a,1,,d6a76b6a,FALSE
788,788,d6a7eb6a,1,,d6a7ab6a,FALSE
789,789,d6a62b6a,1,,d6a7eb6a,FALSE
790,790,d6a66b6a,1,,d6a62b6a,FALSE
791,791,d6a6ab6a,1,,d6a66b6a,FALSE
792,792,d6a6eb6a,1,,d6a6ab6a,FALSE
793,793,d6a52b6a,1,,d6a6eb6a,FALSE
794,794,d6a56b6a,1,,d6a52b6a,FALSE
795,795,d6a5ab6a,1,,d6a56b6a,FALSE
796,796,d6a5eb6a,1,,d6a5ab6a,FALSE
797,797,d6a42b6a,1,,d6a5eb6a,FALSE
798,798,d6a46b6a,1,,d6a42b6a,FALSE
799,799,d6a4ab6a,1,,d6a46b6a,FALSE
800,800,d6a4eb6a,1,,d6a4ab6a,FALSE
801,801,d6bb2b6a,1,,d6a4eb6a,FALSE
802,802,d6bb6b6a,1,,d6bb2b6a,FALSE
803,803,d6bbab6a,1,,d6bb6b6a,FALSE
804,804,d6bbeb6a,1,,d6bbab6a,FALSE
805,805,d6ba2b6a,1,,d6bbeb6a,FALSE
806,806,d6ba6b6a,1,,d6ba2b6a,FALSE
807,807,d6baab6a,1,,d6ba6b6a,FALSE
808,808,d6baeb6a,1,,d6baab6a,FALSE
809,809,d6b92b6a,1,,d6baeb6a,FALSE
810,810,d6b96b6a,1,,d6b92b6a,FALSE
811,811,d6b9ab6a,1,,d6b96b6a,FALSE
812,812,d6b9eb6a,1,,d6b9ab6a,FALSE
813,813,d6b82b6a,1,,d6b9eb6a,FALSE
814,814,d6b86b6a,1,,d6b82b6a,FALSE
815,815,d6b8ab6a,1,,d6b86b6a,FALSE
816,816,d6b8eb6a,1,,d6b8ab6a,FALSE
817,817,d6bf2b6a,1,,d6b8eb6a,FALSE
818,818,d6bf6b6a,1,,d6bf2b6a,FALSE
819,819,d6bfab6a,1,,d6bf6b6a,FALSE
820,820,d6bfeb6a,1,,d6bfab6a,FALSE
821,821,d6be2b6a,1,,d6bfeb6a,FALSE
822,822,d6be6b6a,1,,d6be2b6a,FALSE
823,823,d6beab6a,1,,d6be6b6a,FALSE
824,824,d6beeb6a,1,,d6beab6a,FALSE
825,825,d6bd2b6a,1,,d6beeb6a,FALSE
826,826,d6bd6b6a,1,,d6bd2b6a,FALSE
827,827,d6bdab6a,1,,d6bd6b6a,FALSE
828,828,d6bdeb6a,1,,d6bdab6a,FALSE
829,829,d6bc2b6a,1,,d6bdeb6a,FALSE
830,830,d6bc6b6a,1,,d6bc2b6a,FALSE
831,831,d6bcab6a,1,,d6bc6b6a,FALSE
832,832,d6bceb6a,1,,d6bcab6a,FALSE
833,833,d6b32b6a,1,,d6bceb6a,FALSE
834,834,d6b36b6a,1,,d6b32b6a,FALSE
835,835,d6b3ab6a,1,,d6b36b6a,FALSE
836,836,d6b3eb6a,1,,d6b3ab6a,FALSE
837,837,d6b22b6a,1,,d6b3eb6a,FALSE
838,838,d6b26b6a,1,,d6b22b6a,FALSE
839,839,d6b2ab6a,1,,d6b26b6a,FALSE
840,840,d6b2eb6a,1,,d6b2ab6a,FALSE
841,841,d6b12b6a,1,,d6b2eb6a,FALSE
842,842,d6b16b6a,1,,d6b12b6a,FALSE
843,843,d6b1ab6a,1,,d6b16b6a,FALSE
844,844,d6b1eb6a,1,,d6b1ab6a,FALSE
845,845,d6b02b6a,1,,d6b1eb6a,FALSE
846,846,d6b06b6a,1,,d6b02b6a,FALSE
847,847,d6b0ab6a,1,,d6b06b6a,FALSE
848,848,d6b0eb6a,1,,d6b0ab6a,FALSE
849,849,d6b72b6a,1,,d6b0eb6a,FALSE
850,850,d6b76b6a,1,,d6b72b6a,FALSE
851,851,d6b7ab6a,1,,d6b76b6a,FALSE
852,852,d6b7eb6a,1,,d6b7ab6a,FALSE
853,853,d6b62b6a,1,,d6b7eb6a,FALSE
854,854,d6b66b6a,1,,d6b62b6a,FALSE
855,855,d6b6ab6a,1,,d6b66b6a,FALSE
856,856,d6b6eb6a,1,,d6b6ab6a,FALSE
857,857,d6b52b6a,1,,d6b6eb6a,FALSE
858,858,d6b56b6a,1,,d6b52b6a,FALSE
859,859,d6b5ab6a,1,,d6b56b6a,FALSE
860,860,d6b5eb6a,1,,d6b5ab6a,FALSE
861,861,d6b42b6a,1,,d6b5eb6a,FALSE
862,862,d6b46b6a,1,,d6b42b6a,FALSE
863,863,d6b4ab6a,1,,d6b46b6a,FALSE
864,864,d6b4eb6a,1,,d6b4ab6a,FALSE
865,865,d68b2b6a,1,,d6b4eb6a,FALSE
866,866,d68b6b6a,1,,d68b2b6a,FALSE
867,867,d68bab6a,1,,d68b6b6a,FALSE
868,868,d68beb6a,1,,d68bab6a,FALSE
869,869,d68a2b6a,1,,d68beb6a,FALSE
870,870,d68a6b6a,1,,d68a2b6a,FALSE
871,871,d68aab6a,1,,d68a6b6a,FALSE
872,872,d68aeb6a,1,,d68aab6a,FALSE
873,873,d6892b6a,1,,d68aeb6a,FALSE
874,874,d6896b6a,1,,d6892b6a,FALSE
875,875,d689ab6a,1,,d6896b6a,FALSE
876,876,d689eb6a,1,,d689ab6a,FALSE
877,877,d6882b6a,1,,d689eb6a,FALSE
878,878,d6886b6a,1,,d6882b6a,FALSE
879,879,d688ab6a,1,,d6886b6a,FALSE
880,880,d688eb6a,1,,d688ab6a,FALSE
881,881,d68f2b6a,1,,d688eb6a,FALSE
882,882,d68f6b6a,1,,d68f2b6a,FALSE
883,883,d68fab6a,1,,d68f6b6a,FALSE
884,884,d68feb6a,1,,d68fab6a,FALSE
885,885,d68e2b6a,1,,d68feb6a,FALSE
886,886,d68e6b6a,1,,d68e2b6a,FALSE
887,887,d68eab6a,1,,d68e6b6a,FALSE
888,888,d68eeb6a,1,,d68eab6a,FALSE
889,889,d68d2b6a,1,,d68eeb6a,FALSE
890,890,d68d6b6a,1,,d68d2b6a,FALSE
891,891,d68dab6a,1,,d68d6b6a,FALSE
892,892,d68deb6a,1,,d68dab6a,FALSE
893,893,d68c2b6a,1,,d68deb6a,FALSE
894,894,d68c6b6a,1,,d68c2b6a,FALSE
895,895,d68cab6a,1,,d68c6b6a,FALSE
896,896,d68ceb6a,1,,d68cab6a,FALSE
897,897,d6832b6a,1,,d68ceb6a,FALSE
898,898,d6836b6a,1,,d6832b6a,FALSE
899,899,d683ab6a,1,,d6836b6a,FALSE
900,900,d683eb6a,1,,d683ab6a,FALSE
901,901,d6822b6a,1,,d683eb6a,FALSE
902,902,d6826b6a,1,,d6822b6a,FALSE
903,903,d682ab6a,1,,d6826b6a,FALSE
904,904,d682eb6a,1,,d682ab6a,FALSE
905,905,d6812b6a,1,,d682eb6a,FALSE
906,906,d6816b6a,1,,d6812b6a,FALSE
907,907,d681ab6a,1,,d6816b6a,FALSE
908,908,d681eb6a,1,,d681ab6a,FALSE
909,909,d6802b6a,1,,d681eb6a,FALSE
910,910,d6806b6a,1,,d6802b6a,FALSE
911,911,d680ab6a,1,,d6806b6a,FALSE
912,912,d680eb6a,1,,d680ab6a,FALSE
913,913,d6872b6a,1,,d680eb6a,FALSE
914,914,d6876b6a,1,,d6872b6a,FALSE
915,915,d687ab6a,1,,d6876b6a,FALSE
916,916,d687eb6a,1,,d687ab6a,FALSE
917,917,d6862b6a,1,,d687eb6a,FALSE
918,918,d6866b6a,1,,d6862b6a,FALSE
919,919,d686ab6a,1,,d6866b6a,FALSE
920,920,d686eb6a,1,,d686ab6a,FALSE
921,921,d6852b6a,1,,d686eb6a,FALSE
922,922,d6856b6a,1,,d6852b6a,FALSE
923,923,d685ab6a,1,,d6856b6a,FALSE
924,924,d685eb6a,1,,d685ab6a,FALSE
925,925,d6842b6a,1,,d685eb6a,FALSE
926,926,d6846b6a,1,,d6842b6a,FALSE
927,927,d684ab6a,1,,d6846b6a,FALSE
928,928,d684eb6a,1,,d684ab6a,FALSE
929,929,d69b2b6a,1,,d684eb6a,FALSE
930,930,d69b6b6a,1,,d69b2b6a,FALSE
931,931,d69bab6a,1,,d69b6b6a,FALSE
932,932,d69beb6a,1,,d69bab6a,FALSE
933,933,d69a2b6a,1,,d69beb6a,FALSE
934,934,d69a6b6a,1,,d69a2b6a,FALSE
935,935,d69aab6a,1,,d69a6b6a,FALSE
936,936,d69aeb6a,1,,d69aab6a,FALSE
937,937,d6992b6a,1,,d69aeb6a,FALSE
938,938,d6996b6a,1,,d6992b6a,FALSE
939,939,d699ab6a,1,,d6996b6a,FALSE
940,940,d699eb6a,1,,d699ab6a,FALSE
941,941,d6982b6a,1,,d699eb6a,FALSE
942,942,d6986b6a,1,,d6982b6a,FALSE
943,943,d698ab6a,1,,d6986b6a,FALSE
944,944,d698eb6a,1,,d698ab6a,FALSE
945,945,d69f2b6a,1,,d698eb6a,FALSE
946,946,d69f6b6a,1,,d69f2b6a,FALSE
947,947,d69fab6a,1,,d69f6b6a,FALSE
948,948,d69feb6a,1,,d69fab6a,FALSE
949,949,d69e2b6a,1,,d69feb6a,FALSE
950,950,d69e6b6a,1,,d69e2b6a,FALSE
951,951,d69eab6a,1,,d69e6b6a,FALSE
952,952,d69eeb6a,1,,d69eab6a,FALSE
953,953,d69d2b6a,1,,d69eeb6a,FALSE
954,954,d69d6b6a,1,,d69d2b6a,FALSE
955,955,d69dab6a,1,,d69d6b6a,FALSE
956,956,d69deb6a,1,,d69dab6a,FALSE
957,957,d69c2b6a,1,,d69deb6a,FALSE
958,958,d69c6b6a,1,,d69c2b6a,FALSE
959,959,d69cab6a,1,,d69c6b6a,FALSE
960,960,d69ceb6a,1,,d69cab6a,FALSE
961,961,d6932b6a,1,,d69ceb6a,FALSE
962,962,d6936b6a,1,,d6932b6a,FALSE
963,963,d693ab6a,1,,d6936b6a,FALSE
964,964,d693eb6a,1,,d693ab6a,FALSE
965,965,d6922b6a,1,,d693eb6a,FALSE
966,966,d6926b6a,1,,d6922b6a,FALSE
967,967,d692ab6a,1,,d6926b6a,FALSE
968,968,d692eb6a,1,,d692ab6a,FALSE
969,969,d6912b6a,1,,d692eb6a,FALSE
970,970,d6916b6a,1,,d6912b6a,FALSE
971,971,d691ab6a,1,,d6916b6a,FALSE
972,972,d691eb6a,1,,d691ab6a,FALSE
973,973,d6902b6a,1,,d691eb6a,FALSE
974,974,d6906b6a,1,,d6902b6a,FALSE
975,975,d690ab6a,1,,d6906b6a,FALSE
976,976,d690eb6a,1,,d690ab6a,FALSE
977,977,d6972b6a,1,,d690eb6a,FALSE
978,978,d6976b6a,1,,d6972b6a,FALSE
979,979,d697ab6a,1,,d6976b6a,FALSE
980,980,d697eb6a,1,,d697ab6a,FALSE
981,981,d6962b6a,1,,d697eb6a,FALSE
982,982,d6966b6a,1,,d6962b6a,FALSE
983,983,d696ab6a,1,,d6966b6a,FALSE
984,984,d696eb6a,1,,d696ab6a,FALSE
985,985,d6952b6a,1,,d696eb6a,FALSE
986,986,d6956b6a,1,,d6952b6a,FALSE
987,987,d695ab6a,1,,d6956b6a,FALSE
988,988,d695eb6a,1,,d695ab6a,FALSE
989,989,d6942b6a,1,,d695eb6a,FALSE
990,990,d6946b6a,1,,d6942b6a,FALSE
991,991,d694ab6a,1,,d6946b6a,FALSE
992,992,d694eb6a,1,,d694ab6a,FALSE
993,993,aaaaab6a,1,,d694eb6a,FALSE
994,994,aaaaaaaa,1,,aaaaab6a,FALSE
995,995,aaaaaaaa,1,,aaaaaaaa,TRUE
996,996,aaaaaaaa,1,,aaaaaaaa,TRUE
997,997,aaaaaaaa,1,,aaaaaaaa,TRUE
998,998,aaaaaaaa,1,,aaaaaaaa,TRUE
999,999,aaaaaaaa,1,,aaaaaaaa,TRUE
1000,1000,aaaaaaaa,1,,aaaaaaaa,TRUE
1001,1001,aaaaaaaa,1,,aaaaaaaa,TRUE
1002,1002,aaaaaaaa,1,,aaaaaaaa,TRUE
1003,1003,aaaaaaaa,1,,aaaaaaaa,TRUE
1004,1004,aaaaaaaa,1,,aaaaaaaa,TRUE
1005,1005,aaaaaaaa,1,,aaaaaaaa,TRUE
1006,1006,aaaaaaaa,1,,aaaaaaaa,TRUE
1007,1007,aaaaaaaa,1,,aaaaaaaa,TRUE
1008,1008,aaaaaaaa,1,,aaaaaaaa,TRUE
1009,1009,8155aaaa,1,,aaaaaaaa,FALSE
1010,1010,81558155,1,,8155aaaa,FALSE
1011,1011,81558155,1,,81558155,TRUE
1012,1012,81558155,1,,81558155,TRUE
1013,1013,81558155,1,,81558155,TRUE
1014,1014,81558155,1,,81558155,TRUE
1015,1015,81558155,1,,81558155,TRUE
1016,1016,81558155,1,,81558155,TRUE
1017,1017,81558155,1,,81558155,TRUE
1018,1018,81558155,1,,81558155,TRUE
1019,1019,81558155,1,,81558155,TRUE
1020,1020,81558155,1,,81558155,TRUE
1021,1021,81558155,1,,81558155,TRUE
1022,1022,81558155,1,,81558155,TRUE
1023,1023,81558155,1,,81558155,TRUE
,,,,,81558155,FALSE
